mae,rmse,mape,r2,directional_accuracy,mean_confidence,cumulative_return,strategy_return,sharpe_ratio
23.46940824140437,27.59548970254557,8.454000058834756,-0.9778629362781519,8.0,0.9400086114025925,-0.14435483870967758,0.04009419788736257,1.1207903911046226
