{
  "strategy": "Walk-Forward Dynamic Selection",
  "timeframe": "4h",
  "initial_capital": 50000,
  "final_capital": 161145.56032945597,
  "total_return": 2.2229112065891194,
  "max_drawdown": 0.17779820918123276,
  "total_trades": 849,
  "win_rate": 0.4193168433451119,
  "scoring_weights": {
    "signal_strength": 0.3,
    "momentum": 0.2,
    "volume": 0.15,
    "volatility": 0.15,
    "trend_alignment": 0.2
  },
  "timestamp": "20250628_014927"
}