{
  "strategy": "Walk-Forward Sequential (4 Phase)",
  "timeframe": "1d",
  "initial_capital": 50000,
  "final_capital": 153299.34452996033,
  "total_return": 2.0659868905992065,
  "max_drawdown": 0.4520911356914945,
  "total_trades": 389,
  "win_rate": 0.4267352185089974,
  "phase_performance": {
    "phase1": {
      "trades": 351,
      "wins": 149
    },
    "phase2": {
      "trades": 378,
      "wins": 159
    },
    "phase3": {
      "trades": 278,
      "wins": 118
    },
    "phase4": {
      "trades": 189,
      "wins": 73
    }
  },
  "timestamp": "20250628_020331"
}