{
  "strategy": "Walk-Forward Dynamic Selection",
  "timeframe": "1d",
  "initial_capital": 50000,
  "final_capital": 164236.77428641904,
  "total_return": 2.2847354857283806,
  "max_drawdown": 0.30822916664947897,
  "total_trades": 680,
  "win_rate": 0.4573529411764706,
  "scoring_weights": {
    "signal_strength": 0.3,
    "momentum": 0.2,
    "volume": 0.15,
    "volatility": 0.15,
    "trend_alignment": 0.2
  },
  "timestamp": "20250628_014737"
}