{
  "strategy": "Walk-Forward Sequential (4 Phase)",
  "timeframe": "4h",
  "initial_capital": 50000,
  "final_capital": 85862.33645579653,
  "total_return": 0.7172467291159305,
  "max_drawdown": 0.1968923413518275,
  "total_trades": 339,
  "win_rate": 0.39233038348082594,
  "phase_performance": {
    "phase1": {
      "trades": 301,
      "wins": 115
    },
    "phase2": {
      "trades": 331,
      "wins": 129
    },
    "phase3": {
      "trades": 230,
      "wins": 90
    },
    "phase4": {
      "trades": 186,
      "wins": 70
    }
  },
  "timestamp": "20250628_020245"
}